{
  "observed_543": [
    3700,
    4600
  ],
  "backtrend": {
    "upt_fy2013_mb": 51067292,
    "upt_fy2017_mb": 39686125,
    "ratio": 1.2867794978723672,
    "source": "NTD 90036, see reweight_abc.py docstring"
  },
  "kernels": {
    "543_launch_s500": {
      "mu": 5938.487382680974,
      "sigma": 500.0,
      "ess": 15090.441474329471,
      "tag": "central",
      "forecast": {
        "fold": [
          11035.618383673824,
          12320.101886472614,
          13722.986597366204
        ],
        "retain": [
          10018.159588883573,
          11338.150878027278,
          12807.088146170265
        ],
        "blend": [
          10377.317742111874,
          11836.138021883684,
          13393.858933929805
        ]
      },
      "posterior": {
        "asc": [
          0.14027688630186447,
          0.18874857059114555,
          0.2390590543457924
        ],
        "bivt": [
          -0.03146321043297701,
          -0.026928969501331772,
          -0.022381160113260818
        ],
        "ovt": [
          1.823255358096742,
          2.0660476805684294,
          2.309598749310928
        ]
      }
    },
    "543_launch_s350": {
      "mu": 5938.487382680974,
      "sigma": 350.0,
      "ess": 11360.090252994762,
      "tag": "sensitivity",
      "forecast": {
        "fold": [
          11079.776287957102,
          12320.800940111489,
          13682.476579343489
        ],
        "retain": [
          10078.872121449747,
          11350.44055509595,
          12750.900516796135
        ],
        "blend": [
          10440.53452881752,
          11835.225728539514,
          13373.182503142387
        ]
      },
      "posterior": {
        "asc": [
          0.14440607694975402,
          0.18970988265091457,
          0.23701824960739232
        ],
        "bivt": [
          -0.031451958950524564,
          -0.02693023806919007,
          -0.02238532344326232
        ],
        "ovt": [
          1.822789695616358,
          2.0653851151449794,
          2.3087925270596927
        ]
      }
    },
    "543_launch_s800": {
      "mu": 5938.487382680974,
      "sigma": 800.0,
      "ess": 20799.259752432055,
      "tag": "sensitivity",
      "forecast": {
        "fold": [
          10965.998300044153,
          12291.236432967202,
          13770.622889297523
        ],
        "retain": [
          9878.928583225252,
          11295.658796825193,
          12882.157896364542
        ],
        "blend": [
          10274.679062555364,
          11812.591669849357,
          13435.180776080751
        ]
      },
      "posterior": {
        "asc": [
          0.1320394625214803,
          0.1879708857448711,
          0.24510430014201465
        ],
        "bivt": [
          -0.03144451695316102,
          -0.026904646268696018,
          -0.022324139615067188
        ],
        "ovt": [
          1.821195447831715,
          2.0655687707213155,
          2.3093320175331544
        ]
      }
    },
    "543_launch14_s500": {
      "mu": 5647.060923433567,
      "sigma": 500.0,
      "ess": 14943.681452640776,
      "tag": "sensitivity",
      "forecast": {
        "fold": [
          10896.948074523198,
          12138.251597869477,
          13522.69601597782
        ],
        "retain": [
          9804.45309358806,
          11101.311114993541,
          12557.18375535501
        ],
        "blend": [
          10181.424982403807,
          11635.357527063135,
          13203.44319847616
        ]
      },
      "posterior": {
        "asc": [
          0.1296189972816315,
          0.17735538571813528,
          0.22819769857851427
        ],
        "bivt": [
          -0.031477281675251344,
          -0.026936799384600366,
          -0.022400254119181204
        ],
        "ovt": [
          1.8289297612362792,
          2.0713229147918826,
          2.314599524541664
        ]
      }
    },
    "543_matured_s500": {
      "mu": 4200.0,
      "sigma": 500.0,
      "ess": 8624.009644247184,
      "tag": "sensitivity",
      "forecast": {
        "fold": [
          10277.236270526764,
          11439.267384591529,
          12733.926607236095
        ],
        "retain": [
          8686.623771614402,
          9940.839724913343,
          11331.157975996932
        ],
        "blend": [
          9097.612291552023,
          10756.653651100389,
          12335.963480636667
        ]
      },
      "posterior": {
        "asc": [
          0.06370631267111795,
          0.1090457629928141,
          0.15846152591431673
        ],
        "bivt": [
          -0.031715779301523465,
          -0.027207906266939526,
          -0.022525866815876032
        ],
        "ovt": [
          1.8470017738265272,
          2.092163475768002,
          2.331389654139968
        ]
      }
    }
  },
  "seed_check_p50": [
    11836.138021883684,
    11830.34505906089
  ]
}