{
  "observed_543": [
    3700,
    4600
  ],
  "backtrend": {
    "upt_fy2013_mb": 51067292,
    "upt_fy2017_mb": 39686125,
    "ratio": 1.2867794978723672,
    "source": "NTD 90036, see reweight_abc.py docstring"
  },
  "kernels": {
    "543_launch_s500": {
      "mu": 5938.487382680974,
      "sigma": 500.0,
      "ess": 15090.441474329471,
      "tag": "central",
      "forecast": {
        "fold": [
          11113.184499009289,
          12423.611132191758,
          13851.320717479208
        ],
        "retain": [
          10109.26419823562,
          11462.606803900275,
          12956.026595731655
        ],
        "blend": [
          10479.00748567609,
          11949.060450980687,
          13521.11652263976
        ]
      },
      "posterior": {
        "asc": [
          0.14027688630186447,
          0.18874857059114555,
          0.2390590543457924
        ],
        "bivt": [
          -0.03146321043297701,
          -0.026928969501331772,
          -0.022381160113260818
        ],
        "ovt": [
          1.823255358096742,
          2.0660476805684294,
          2.309598749310928
        ]
      }
    },
    "543_launch_s350": {
      "mu": 5938.487382680974,
      "sigma": 350.0,
      "ess": 11360.090252994762,
      "tag": "sensitivity",
      "forecast": {
        "fold": [
          11161.588408240135,
          12425.075647187607,
          13808.980267549896
        ],
        "retain": [
          10177.898291138987,
          11472.376502534666,
          12905.829718049003
        ],
        "blend": [
          10539.568149573312,
          11946.088288870144,
          13503.048816135557
        ]
      },
      "posterior": {
        "asc": [
          0.14440607694975402,
          0.18970988265091457,
          0.23701824960739232
        ],
        "bivt": [
          -0.031451958950524564,
          -0.02693023806919007,
          -0.02238532344326232
        ],
        "ovt": [
          1.822789695616358,
          2.0653851151449794,
          2.3087925270596927
        ]
      }
    },
    "543_launch_s800": {
      "mu": 5938.487382680974,
      "sigma": 800.0,
      "ess": 20799.259752432055,
      "tag": "sensitivity",
      "forecast": {
        "fold": [
          11046.503058519877,
          12392.329141393047,
          13899.146035141968
        ],
        "retain": [
          9986.697718965761,
          11419.559642671773,
          13023.60575737781
        ],
        "blend": [
          10372.396975324378,
          11923.789443764817,
          13564.256616297505
        ]
      },
      "posterior": {
        "asc": [
          0.1320394625214803,
          0.1879708857448711,
          0.24510430014201465
        ],
        "bivt": [
          -0.03144451695316102,
          -0.026904646268696018,
          -0.022324139615067188
        ],
        "ovt": [
          1.821195447831715,
          2.0655687707213155,
          2.3093320175331544
        ]
      }
    },
    "543_launch14_s500": {
      "mu": 5647.060923433567,
      "sigma": 500.0,
      "ess": 14943.681452640776,
      "tag": "sensitivity",
      "forecast": {
        "fold": [
          10979.044776286173,
          12240.568950731524,
          13650.732412617404
        ],
        "retain": [
          9900.453852123892,
          11224.584544914114,
          12707.426295212452
        ],
        "blend": [
          10280.472105322768,
          11746.078633193934,
          13341.116179789213
        ]
      },
      "posterior": {
        "asc": [
          0.1296189972816315,
          0.17735538571813528,
          0.22819769857851427
        ],
        "bivt": [
          -0.031477281675251344,
          -0.026936799384600366,
          -0.022400254119181204
        ],
        "ovt": [
          1.8289297612362792,
          2.0713229147918826,
          2.314599524541664
        ]
      }
    },
    "543_launch_bt_s507": {
      "mu": 5792.774153057271,
      "sigma": 507.028054873814,
      "ess": 15285.510617377518,
      "tag": "sensitivity",
      "forecast": {
        "fold": [
          11049.24373344416,
          12334.891908112597,
          13744.403117158152
        ],
        "retain": [
          10012.699149367174,
          11341.482965001875,
          12829.767412484412
        ],
        "blend": [
          10373.363773622747,
          11846.25054411621,
          13436.041459917893
        ]
      },
      "posterior": {
        "asc": [
          0.13464549092849112,
          0.18315356242378372,
          0.23383953733657942
        ],
        "bivt": [
          -0.03147433524763522,
          -0.026932684582218654,
          -0.0223895448466048
        ],
        "ovt": [
          1.826240255136851,
          2.069097882262002,
          2.312816537101485
        ]
      }
    },
    "543_matured_s500": {
      "mu": 4200.0,
      "sigma": 500.0,
      "ess": 8624.009644247184,
      "tag": "sensitivity",
      "forecast": {
        "fold": [
          10350.993917509844,
          11537.3229387358,
          12854.954445824424
        ],
        "retain": [
          8796.684675811986,
          10073.219339417632,
          11487.687394853167
        ],
        "blend": [
          9213.716723643667,
          10865.94398336163,
          12444.966300951579
        ]
      },
      "posterior": {
        "asc": [
          0.06370631267111795,
          0.1090457629928141,
          0.15846152591431673
        ],
        "bivt": [
          -0.031715779301523465,
          -0.027207906266939526,
          -0.022525866815876032
        ],
        "ovt": [
          1.8470017738265272,
          2.092163475768002,
          2.331389654139968
        ]
      }
    }
  },
  "seed_check_p50": [
    11949.060450980687,
    11933.741248692046
  ]
}