{
  "observed_543": [
    3700,
    4600
  ],
  "backtrend": {
    "upt_fy2013_mb": 51067292,
    "upt_fy2017_mb": 39686125,
    "ratio": 1.2867794978723672,
    "source": "NTD 90036, see reweight_abc.py docstring"
  },
  "kernels": {
    "543_launch_s500": {
      "mu": 5938.487382680974,
      "sigma": 500.0,
      "ess": 15090.441474329471,
      "tag": "central",
      "forecast": {
        "fold": [
          11015.559437521026,
          12293.075581379826,
          13688.081300229835
        ],
        "retain": [
          9983.01311563384,
          11310.152198750937,
          12769.083058097483
        ],
        "blend": [
          10356.32003336894,
          11810.594450184457,
          13369.668175924957
        ]
      },
      "posterior": {
        "asc": [
          0.14027688630186447,
          0.18874857059114555,
          0.2390590543457924
        ],
        "bivt": [
          -0.03146321043297701,
          -0.026928969501331772,
          -0.022381160113260818
        ],
        "ovt": [
          1.823255358096742,
          2.0660476805684294,
          2.309598749310928
        ]
      }
    },
    "543_launch_s350": {
      "mu": 5938.487382680974,
      "sigma": 350.0,
      "ess": 11360.090252994762,
      "tag": "sensitivity",
      "forecast": {
        "fold": [
          11059.31424870554,
          12294.035828609396,
          13651.775173634975
        ],
        "retain": [
          10054.496603194928,
          11320.68770367274,
          12718.174214536617
        ],
        "blend": [
          10413.442674707816,
          11807.76185283345,
          13350.89218579027
        ]
      },
      "posterior": {
        "asc": [
          0.14440607694975402,
          0.18970988265091457,
          0.23701824960739232
        ],
        "bivt": [
          -0.031451958950524564,
          -0.02693023806919007,
          -0.02238532344326232
        ],
        "ovt": [
          1.822789695616358,
          2.0653851151449794,
          2.3087925270596927
        ]
      }
    },
    "543_launch_s800": {
      "mu": 5938.487382680974,
      "sigma": 800.0,
      "ess": 20799.259752432055,
      "tag": "sensitivity",
      "forecast": {
        "fold": [
          10939.222261280589,
          12261.762879854163,
          13735.245814860255
        ],
        "retain": [
          9846.714039938628,
          11269.310128496183,
          12851.677484165279
        ],
        "blend": [
          10245.60251310605,
          11789.605388909273,
          13412.598639443833
        ]
      },
      "posterior": {
        "asc": [
          0.1320394625214803,
          0.1879708857448711,
          0.24510430014201465
        ],
        "bivt": [
          -0.03144451695316102,
          -0.026904646268696018,
          -0.022324139615067188
        ],
        "ovt": [
          1.821195447831715,
          2.0655687707213155,
          2.3093320175331544
        ]
      }
    },
    "543_launch14_s500": {
      "mu": 5647.060923433567,
      "sigma": 500.0,
      "ess": 14943.681452640776,
      "tag": "sensitivity",
      "forecast": {
        "fold": [
          10880.495448964806,
          12118.248300408077,
          13503.935356778078
        ],
        "retain": [
          9779.786168083996,
          11077.42204219484,
          12527.668212685749
        ],
        "blend": [
          10158.179011744325,
          11612.251891086711,
          13191.909655867255
        ]
      },
      "posterior": {
        "asc": [
          0.1296189972816315,
          0.17735538571813528,
          0.22819769857851427
        ],
        "bivt": [
          -0.031477281675251344,
          -0.026936799384600366,
          -0.022400254119181204
        ],
        "ovt": [
          1.8289297612362792,
          2.0713229147918826,
          2.314599524541664
        ]
      }
    },
    "543_matured_s500": {
      "mu": 4200.0,
      "sigma": 500.0,
      "ess": 8624.009644247184,
      "tag": "sensitivity",
      "forecast": {
        "fold": [
          10252.770266488598,
          11418.37125126701,
          12706.830148525152
        ],
        "retain": [
          8661.554781013878,
          9911.050763683523,
          11306.915049829953
        ],
        "blend": [
          9062.573101961743,
          10733.041037900643,
          12306.2424489331
        ]
      },
      "posterior": {
        "asc": [
          0.06370631267111795,
          0.1090457629928141,
          0.15846152591431673
        ],
        "bivt": [
          -0.031715779301523465,
          -0.027207906266939526,
          -0.022525866815876032
        ],
        "ovt": [
          1.8470017738265272,
          2.092163475768002,
          2.331389654139968
        ]
      }
    }
  },
  "seed_check_p50": [
    11810.594450184457,
    11798.877296279443
  ]
}