{
  "observed_543": [
    3700,
    4600
  ],
  "backtrend": {
    "upt_fy2013_mb": 51067292,
    "upt_fy2017_mb": 39686125,
    "ratio": 1.2867794978723672,
    "source": "NTD 90036, see reweight_abc.py docstring"
  },
  "kernels": {
    "543_launch_s500": {
      "mu": 5938.487382680974,
      "sigma": 500.0,
      "ess": 15090.441474329471,
      "tag": "central",
      "forecast": {
        "fold": [
          11031.398418526422,
          12313.133718442796,
          13711.488458399204
        ],
        "retain": [
          10005.41888875917,
          11333.703148292807,
          12800.29505399205
        ],
        "blend": [
          10377.04759691544,
          11833.20750936953,
          13395.268589472898
        ]
      },
      "posterior": {
        "asc": [
          0.14027688630186447,
          0.18874857059114555,
          0.2390590543457924
        ],
        "bivt": [
          -0.03146321043297701,
          -0.026928969501331772,
          -0.022381160113260818
        ],
        "ovt": [
          1.823255358096742,
          2.0660476805684294,
          2.309598749310928
        ]
      }
    },
    "543_launch_s350": {
      "mu": 5938.487382680974,
      "sigma": 350.0,
      "ess": 11360.090252994762,
      "tag": "sensitivity",
      "forecast": {
        "fold": [
          11075.781332531504,
          12315.053157534836,
          13676.760134073924
        ],
        "retain": [
          10075.70850383577,
          11344.489780444555,
          12751.673467413586
        ],
        "blend": [
          10430.838794607147,
          11830.748627206049,
          13375.181724183924
        ]
      },
      "posterior": {
        "asc": [
          0.14440607694975402,
          0.18970988265091457,
          0.23701824960739232
        ],
        "bivt": [
          -0.031451958950524564,
          -0.02693023806919007,
          -0.02238532344326232
        ],
        "ovt": [
          1.822789695616358,
          2.0653851151449794,
          2.3087925270596927
        ]
      }
    },
    "543_launch_s800": {
      "mu": 5938.487382680974,
      "sigma": 800.0,
      "ess": 20799.259752432055,
      "tag": "sensitivity",
      "forecast": {
        "fold": [
          10955.551170235412,
          12282.361080601097,
          13760.649472365401
        ],
        "retain": [
          9867.935199740134,
          11295.10435705589,
          12878.41147253535
        ],
        "blend": [
          10264.89440466751,
          11810.611735773062,
          13439.07470492369
        ]
      },
      "posterior": {
        "asc": [
          0.1320394625214803,
          0.1879708857448711,
          0.24510430014201465
        ],
        "bivt": [
          -0.03144451695316102,
          -0.026904646268696018,
          -0.022324139615067188
        ],
        "ovt": [
          1.821195447831715,
          2.0655687707213155,
          2.3093320175331544
        ]
      }
    },
    "543_launch14_s500": {
      "mu": 5647.060923433567,
      "sigma": 500.0,
      "ess": 14943.681452640776,
      "tag": "sensitivity",
      "forecast": {
        "fold": [
          10895.791408167612,
          12139.192933772632,
          13527.71632473091
        ],
        "retain": [
          9800.015513312668,
          11102.159451352207,
          12555.075076741157
        ],
        "blend": [
          10179.077696388305,
          11632.360431837993,
          13215.945296661996
        ]
      },
      "posterior": {
        "asc": [
          0.1296189972816315,
          0.17735538571813528,
          0.22819769857851427
        ],
        "bivt": [
          -0.031477281675251344,
          -0.026936799384600366,
          -0.022400254119181204
        ],
        "ovt": [
          1.8289297612362792,
          2.0713229147918826,
          2.314599524541664
        ]
      }
    },
    "543_matured_s500": {
      "mu": 4200.0,
      "sigma": 500.0,
      "ess": 8624.009644247184,
      "tag": "sensitivity",
      "forecast": {
        "fold": [
          10267.230178661519,
          11436.477434211487,
          12728.513394237438
        ],
        "retain": [
          8683.389253570238,
          9938.17634061206,
          11333.041201173723
        ],
        "blend": [
          9094.65329897046,
          10754.126270041543,
          12330.33459676536
        ]
      },
      "posterior": {
        "asc": [
          0.06370631267111795,
          0.1090457629928141,
          0.15846152591431673
        ],
        "bivt": [
          -0.031715779301523465,
          -0.027207906266939526,
          -0.022525866815876032
        ],
        "ovt": [
          1.8470017738265272,
          2.092163475768002,
          2.331389654139968
        ]
      }
    }
  },
  "seed_check_p50": [
    11833.20750936953,
    11821.682103388097
  ]
}