{
  "observed_543": [
    3700,
    4600
  ],
  "backtrend": {
    "upt_fy2013_mb": 51067292,
    "upt_fy2017_mb": 39686125,
    "ratio": 1.2867794978723672,
    "source": "NTD 90036, see reweight_abc.py docstring"
  },
  "kernels": {
    "543_launch_s500": {
      "mu": 5938.487382680974,
      "sigma": 500.0,
      "ess": 15090.441474329471,
      "tag": "central",
      "forecast": {
        "fold": [
          11113.2579339242,
          12418.557868360967,
          13847.68770125181
        ],
        "retain": [
          10108.357891563533,
          11458.130065075831,
          12949.619014504506
        ],
        "blend": [
          10478.406587000412,
          11946.92879626889,
          13519.895351047217
        ]
      },
      "posterior": {
        "asc": [
          0.14027688630186447,
          0.18874857059114555,
          0.2390590543457924
        ],
        "bivt": [
          -0.03146321043297701,
          -0.026928969501331772,
          -0.022381160113260818
        ],
        "ovt": [
          1.823255358096742,
          2.0660476805684294,
          2.309598749310928
        ]
      }
    },
    "543_launch_s350": {
      "mu": 5938.487382680974,
      "sigma": 350.0,
      "ess": 11360.090252994762,
      "tag": "sensitivity",
      "forecast": {
        "fold": [
          11158.15049008962,
          12420.62408586497,
          13804.874192568126
        ],
        "retain": [
          10173.797012241808,
          11469.413651141014,
          12899.18759569772
        ],
        "blend": [
          10532.629382420533,
          11944.880853073962,
          13499.410430261347
        ]
      },
      "posterior": {
        "asc": [
          0.14440607694975402,
          0.18970988265091457,
          0.23701824960739232
        ],
        "bivt": [
          -0.031451958950524564,
          -0.02693023806919007,
          -0.02238532344326232
        ],
        "ovt": [
          1.822789695616358,
          2.0653851151449794,
          2.3087925270596927
        ]
      }
    },
    "543_launch_s800": {
      "mu": 5938.487382680974,
      "sigma": 800.0,
      "ess": 20799.259752432055,
      "tag": "sensitivity",
      "forecast": {
        "fold": [
          11043.672467322747,
          12389.743071916006,
          13898.956691596462
        ],
        "retain": [
          9982.55083982467,
          11415.120700749294,
          13021.309173298641
        ],
        "blend": [
          10371.213067466195,
          11921.78186972348,
          13565.868465788812
        ]
      },
      "posterior": {
        "asc": [
          0.1320394625214803,
          0.1879708857448711,
          0.24510430014201465
        ],
        "bivt": [
          -0.03144451695316102,
          -0.026904646268696018,
          -0.022324139615067188
        ],
        "ovt": [
          1.821195447831715,
          2.0655687707213155,
          2.3093320175331544
        ]
      }
    },
    "543_launch14_s500": {
      "mu": 5647.060923433567,
      "sigma": 500.0,
      "ess": 14943.681452640776,
      "tag": "sensitivity",
      "forecast": {
        "fold": [
          10980.012985930558,
          12240.074874632157,
          13646.795893591443
        ],
        "retain": [
          9902.381717003746,
          11224.142201613122,
          12704.25312334924
        ],
        "blend": [
          10280.014007289024,
          11742.969089290697,
          13339.692921361791
        ]
      },
      "posterior": {
        "asc": [
          0.1296189972816315,
          0.17735538571813528,
          0.22819769857851427
        ],
        "bivt": [
          -0.031477281675251344,
          -0.026936799384600366,
          -0.022400254119181204
        ],
        "ovt": [
          1.8289297612362792,
          2.0713229147918826,
          2.314599524541664
        ]
      }
    },
    "543_matured_s500": {
      "mu": 4200.0,
      "sigma": 500.0,
      "ess": 8624.009644247184,
      "tag": "sensitivity",
      "forecast": {
        "fold": [
          10349.531860843914,
          11538.054687244585,
          12852.446205243556
        ],
        "retain": [
          8795.219884441834,
          10067.10480613332,
          11487.106935514728
        ],
        "blend": [
          9213.156675311942,
          10867.771228532185,
          12448.201286663287
        ]
      },
      "posterior": {
        "asc": [
          0.06370631267111795,
          0.1090457629928141,
          0.15846152591431673
        ],
        "bivt": [
          -0.031715779301523465,
          -0.027207906266939526,
          -0.022525866815876032
        ],
        "ovt": [
          1.8470017738265272,
          2.092163475768002,
          2.331389654139968
        ]
      }
    }
  },
  "seed_check_p50": [
    11946.92879626889,
    11935.658118980313
  ]
}