{
  "predicted_543": [
    3860.1554180913236,
    6152.537749939155,
    8950.482707392874
  ],
  "observed_543": [
    3500,
    3900
  ],
  "uplift_pct": [
    4.682667271749774,
    9.217315136761117,
    15.96687693210217
  ]
}