{
  "predicted_543": [
    3861.6701776241343,
    6168.770843524926,
    8923.085915680656
  ],
  "observed_543": [
    3700,
    4600
  ],
  "uplift_pct": [
    4.711850211971824,
    9.216910380060828,
    15.849749723688422
  ]
}