{
  "predicted_543": [
    1207.5406310396595,
    3803.875025189836,
    7436.831741309351
  ],
  "observed_543": [
    3500,
    3900
  ],
  "uplift_pct": [
    0.7371690537982589,
    2.9404418685832656,
    7.622577837856936
  ]
}