{
  "predicted_543": [
    2620.6681916653633,
    4681.573374356332,
    7399.359640449065
  ],
  "observed_543": [
    3500,
    3900
  ],
  "uplift_pct": [
    2.5905293765798865,
    5.893170987314278,
    11.294325342136258
  ]
}