{
  "config": {
    "name": "harbor",
    "title": "Harbor Blvd (Fullerton \u2192 Santa Ana)",
    "corridor_route": "543",
    "excluded_feeders": [
      "543",
      "43"
    ],
    "window_mi": null,
    "anchor_low": 7700,
    "anchor_high": 10000,
    "anchor_note": "Corridor-consistent: current 43+543 route totals 9,500-11,000 (Harbor TSP study: '>10,000, 8% of OCTA riders'; OCTA ~117k/wkdy 2024) x [543 share 0.25-0.35 counts fully + Route 43 x corridor share 0.75 (LODES) - 0.86 (ACS transit workers), scripts/route43_share.py]. Cross-check: 12,800 on-Harbor boardings in 2015 (Central Harbor study via Streetsblog) x system trend x street-vs-corridor share ~ 8,400.",
    "services_base": {
      "local": {
        "speed": 11.4,
        "headway": 20.0,
        "spacing": 0.25,
        "note": "Route 43, current GTFS"
      },
      "rapid": {
        "speed": 15.0,
        "headway": 24.0,
        "spacing": 1.0,
        "note": "Route 543 per corridor doc; GTFS current = 12.8 mph / 20 min (sensitivity row)"
      }
    },
    "rapid_alt": {
      "speed": 12.8,
      "headway": 20.0
    },
    "service_new": {
      "speed": 30.0,
      "headway": 5.0,
      "spacing": 1.0
    },
    "visitor": {
      "share": [
        0.05,
        0.15
      ],
      "S0": [
        0.1,
        0.3
      ],
      "bin_weights": [
        0.25,
        0.3,
        0.35,
        0.1,
        0.0,
        0.0
      ],
      "note": "Anaheim resort/visitor market: share of base boardings (pinned like tau); short trips (hotel-Disneyland-convention); random arrival (h/2 wait, no schedule adaptation). Judgment call: old first bin 0.55 split 0.25/0.30 into the new 0-0.5-mi bin -- visitor trips are exactly the sub-half-mile kind"
    }
  },
  "summary": {
    "ratio_fold": [
      34.80105155751838,
      50.60778073575949,
      69.00646715978289
    ],
    "ratio_retain": [
      36.212688803940864,
      51.33409987325115,
      69.41927820229962
    ],
    "uncapped": {
      "fold": [
        11453.24177869021,
        13300.340286877781,
        15448.852282655753
      ],
      "retain": [
        10491.221222738912,
        12667.137748469922,
        15045.09440918689
      ],
      "blend": [
        10921.91311003195,
        13004.572886279368,
        15280.660719361742
      ],
      "total_fold": [
        11453.24177869021,
        13300.340286877781,
        15448.852282655753
      ]
    },
    "cap +80%": {
      "fold": [
        11453.24177869021,
        13300.340286877781,
        15424.124082743612
      ],
      "retain": [
        10491.221222738912,
        12667.137748469922,
        15016.672704828798
      ],
      "blend": [
        10907.182391905304,
        13014.946251847854,
        15254.340852703355
      ],
      "total_fold": [
        11453.24177869021,
        13300.340286877781,
        15424.124082743612
      ]
    },
    "cap +55%": {
      "fold": [
        11453.24177869021,
        13021.329800410807,
        14748.066594909798
      ],
      "retain": [
        10490.780901159142,
        12395.054504036283,
        14256.846530334937
      ],
      "blend": [
        10918.242230869715,
        12730.223611248364,
        14525.519303098834
      ],
      "total_fold": [
        11453.24177869021,
        13021.329800410807,
        14748.066594909798
      ]
    }
  },
  "sensitivity": [
    {
      "label": "anchor -> low",
      "value": 11440.082631285884,
      "pct": -12.892947485262138
    },
    {
      "label": "anchor -> high",
      "value": 14857.250170501151,
      "pct": 13.12604222693231
    },
    {
      "label": "bivt -> -0.035",
      "value": 14334.946229817515,
      "pct": 9.149116687481888
    },
    {
      "label": "bivt -> -0.018",
      "value": 12104.854874346376,
      "pct": -7.831240104910673
    },
    {
      "label": "ovt -> 1.6",
      "value": 13034.082618701737,
      "pct": -0.7559162165712575
    },
    {
      "label": "ovt -> 2.5",
      "value": 13196.674511601192,
      "pct": 0.48209062391530133
    },
    {
      "label": "asc -> 0.0",
      "value": 10525.553865245345,
      "pct": -19.856350444597016
    },
    {
      "label": "asc -> 0.4",
      "value": 15796.765660857889,
      "pct": 20.2796990487026
    },
    {
      "label": "w0 -> 4.0",
      "value": 12487.851048788945,
      "pct": -4.91503145892796
    },
    {
      "label": "w0 -> 7.0",
      "value": 13615.38055224247,
      "pct": 3.6702012561440354
    },
    {
      "label": "lam -> 0.1",
      "value": 12478.26898462743,
      "pct": -4.987991191214692
    },
    {
      "label": "lam -> 0.25",
      "value": 13620.959566939044,
      "pct": 3.712680977822437
    },
    {
      "label": "xcap -> 10.0",
      "value": 12996.278025557072,
      "pct": -1.043767868214484
    },
    {
      "label": "xcap -> 15.0",
      "value": 13133.359815326443,
      "pct": 0.0
    },
    {
      "label": "tau -> 0.25",
      "value": 12794.68545215535,
      "pct": -2.5787336061246435
    },
    {
      "label": "tau -> 0.4",
      "value": 13477.191141068095,
      "pct": 2.617999739414783
    },
    {
      "label": "phi -> 0.05",
      "value": 13195.497313161666,
      "pct": 0.4731272020942401
    },
    {
      "label": "phi -> 0.15",
      "value": 13069.099582507823,
      "pct": -0.4892901262297678
    },
    {
      "label": "s0v -> 0.1",
      "value": 13176.243200436807,
      "pct": 0.32652257848231836
    },
    {
      "label": "s0v -> 0.3",
      "value": 13096.264003667617,
      "pct": -0.2824548491813648
    },
    {
      "label": "ws -> 0.4",
      "value": 13033.106287426279,
      "pct": -0.763350196064602
    },
    {
      "label": "ws -> 0.6",
      "value": 13233.613343226605,
      "pct": 0.7633501960645881
    },
    {
      "label": "kappa -> 0.6",
      "value": 12632.092175825623,
      "pct": -3.8167509803230097
    },
    {
      "label": "kappa -> 1.0",
      "value": 13634.62745482726,
      "pct": 3.8167509803229818
    },
    {
      "label": "asc -> 0.55 (untrimmed)",
      "value": 17898.72614926401,
      "pct": 36.284442069244555
    },
    {
      "label": "logsum variety bonus (rejected)",
      "value": 8110.114798143595,
      "pct": -38.247981383414114
    },
    {
      "label": "linear h/2 wait (old spec)",
      "value": 13629.91849472453,
      "pct": 3.780896026457834
    },
    {
      "label": "no transfer market",
      "value": 11701.438157424576,
      "pct": -10.902934801427085
    },
    {
      "label": "no visitor market",
      "value": 13255.615545635665,
      "pct": 0.9308793182270922
    },
    {
      "label": "no sub-half-mile bin (old defn)",
      "value": 13778.134210357252,
      "pct": 4.909439808984493
    },
    {
      "label": "knife-edge choice (old spec)",
      "value": 13390.355399823771,
      "pct": 1.9568152255862064
    },
    {
      "label": "walk-taste spread +/-15%",
      "value": 13131.31895238169,
      "pct": -0.015539534235332143
    },
    {
      "label": "new-line stops offset 0.5 mi",
      "value": 13175.501298385621,
      "pct": 0.32087358948317185
    },
    {
      "label": "rapid base -> GTFS current",
      "value": 13163.631760585922,
      "pct": 0.23049658035069082
    },
    {
      "label": "new line 25 mph",
      "value": 12715.259815350893,
      "pct": -3.183496118697919
    },
    {
      "label": "new line 10-min headway",
      "value": 11374.33323699885,
      "pct": -13.393576381535173
    },
    {
      "label": "new stop spacing 0.5 mi",
      "value": 15998.692749596197,
      "pct": 21.817211852567624
    },
    {
      "label": "new stop spacing 1.5 mi",
      "value": 10350.17316325647,
      "pct": -21.191733807688983
    }
  ],
  "sweep": {
    "20": [
      12171.757514215731,
      10454.839581456568,
      8701.015054124571
    ],
    "25": [
      12715.259815350893,
      10960.599600011534,
      9177.939990156314
    ],