{
  "config": {
    "name": "harbor",
    "title": "Harbor Blvd (Fullerton \u2192 Santa Ana)",
    "corridor_route": "543",
    "excluded_feeders": [
      "543",
      "43"
    ],
    "window_mi": null,
    "anchor_low": 7700,
    "anchor_high": 10000,
    "anchor_note": "Corridor-consistent: current 43+543 route totals 9,500-11,000 (Harbor TSP study: '>10,000, 8% of OCTA riders'; OCTA ~117k/wkdy 2024) x [543 share 0.25-0.35 counts fully + Route 43 x corridor share 0.75 (LODES) - 0.86 (ACS transit workers), scripts/route43_share.py]. Cross-check: 12,800 on-Harbor boardings in 2015 (Central Harbor study via Streetsblog) x system trend x street-vs-corridor share ~ 8,400.",
    "services_base": {
      "local": {
        "speed": 11.4,
        "headway": 20.0,
        "spacing": 0.25,
        "note": "Route 43, current GTFS"
      },
      "rapid": {
        "speed": 15.0,
        "headway": 24.0,
        "spacing": 1.0,
        "note": "Route 543 per corridor doc; GTFS current = 12.8 mph / 20 min (sensitivity row)"
      }
    },
    "rapid_alt": {
      "speed": 12.8,
      "headway": 20.0
    },
    "service_new": {
      "speed": 30.0,
      "headway": 5.0,
      "spacing": 1.0
    },
    "visitor": {
      "share": [
        0.05,
        0.15
      ],
      "S0": [
        0.1,
        0.3
      ],
      "bin_weights": [
        0.25,
        0.3,
        0.35,
        0.1,
        0.0,
        0.0
      ],
      "note": "Anaheim resort/visitor market: share of base boardings (pinned like tau); short trips (hotel-Disneyland-convention); random arrival (h/2 wait, no schedule adaptation). Judgment call: old first bin 0.55 split 0.25/0.30 into the new 0-0.5-mi bin -- visitor trips are exactly the sub-half-mile kind"
    }
  },
  "summary": {
    "ratio_fold": [
      34.46977006069187,
      50.143278832773184,
      68.26989102939342
    ],
    "ratio_retain": [
      34.58588584411402,
      50.145139739865165,
      68.26989102939342
    ],
    "uncapped": {
      "fold": [
        11425.839566384955,
        13259.04280426091,
        15386.55451596693
      ],
      "retain": [
        11206.723886069647,
        13235.697744085504,
        15386.054863063073
      ],
      "blend": [
        11321.624752498014,
        13247.276722934059,
        15386.054863063073
      ],
      "total_fold": [
        11425.839566384955,
        13259.04280426091,
        15386.55451596693
      ]
    },
    "cap +80%": {
      "fold": [
        11425.839566384955,
        13259.04280426091,
        15367.046649809818
      ],
      "retain": [
        11206.723886069647,
        13235.697744085504,
        15366.471105921042
      ],
      "blend": [
        11316.917678871687,
        13247.72540302256,
        15366.716983165805
      ],
      "total_fold": [
        11425.839566384955,
        13259.04280426091,
        15367.046649809818
      ]
    },
    "cap +55%": {
      "fold": [
        11425.839566384955,
        12996.31222365795,
        14728.084594695074
      ],
      "retain": [
        11206.723886069647,
        12968.023854302757,
        14724.777266041683
      ],
      "blend": [
        11320.972689715278,
        12982.808553881057,
        14726.88477848164
      ],
      "total_fold": [
        11425.839566384955,
        12996.31222365795,
        14728.084594695074
      ]
    }
  },
  "sensitivity": [
    {
      "label": "anchor -> low",
      "value": 11663.943910034533,
      "pct": -12.892947485262107
    },
    {
      "label": "anchor -> high",
      "value": 15147.979103940952,
      "pct": 13.126042226932324
    },
    {
      "label": "bivt -> -0.035",
      "value": 14675.10528610352,
      "pct": 9.594591389984002
    },
    {
      "label": "bivt -> -0.018",
      "value": 12285.84831398878,
      "pct": -8.248527039465495
    },
    {
      "label": "ovt -> 1.6",
      "value": 13240.719390883052,
      "pct": -1.1174909438377438
    },
    {
      "label": "ovt -> 2.5",
      "value": 13523.786008777048,
      "pct": 0.9964680172344985
    },
    {
      "label": "asc -> 0.0",
      "value": 10666.772056087415,
      "pct": -20.339888392896587
    },
    {
      "label": "asc -> 0.4",
      "value": 15783.268721353952,
      "pct": 17.87042427239589
    },
    {
      "label": "w0 -> 4.0",
      "value": 12890.721577022048,
      "pct": -3.7312962044928146
    },
    {
      "label": "w0 -> 7.0",
      "value": 13742.840458461418,
      "pct": 2.6323801580523094
    },
    {
      "label": "lam -> 0.1",
      "value": 12890.721577022048,
      "pct": -3.7312962044928146
    },
    {
      "label": "lam -> 0.25",
      "value": 13742.840458461418,
      "pct": 2.6323801580523094
    },
    {
      "label": "xcap -> 10.0",
      "value": 13317.251359287804,
      "pct": -0.5459454835450397
    },
    {
      "label": "xcap -> 15.0",
      "value": 13390.355399823771,
      "pct": 0.0
    },
    {
      "label": "tau -> 0.25",
      "value": 13068.422911433252,
      "pct": -2.4042116790623504
    },
    {
      "label": "tau -> 0.4",
      "value": 13717.318083345397,
      "pct": 2.4417774865477355
    },
    {
      "label": "phi -> 0.05",
      "value": 13455.078210901149,
      "pct": 0.4833539450209771
    },
    {
      "label": "phi -> 0.15",
      "value": 13323.421296909326,
      "pct": -0.4998680088455767
    },
    {
      "label": "s0v -> 0.1",
      "value": 13427.843353475071,
      "pct": 0.27996235000449116
    },
    {
      "label": "s0v -> 0.3",
      "value": 13356.788716331434,
      "pct": -0.2506780626060116
    },
    {
      "label": "ws -> 0.4",
      "value": 13289.229670158762,
      "pct": -0.7552131862485152
    },
    {
      "label": "ws -> 0.6",
      "value": 13491.48112948878,
      "pct": 0.7552131862485152
    },
    {
      "label": "kappa -> 0.6",
      "value": 12884.726751498722,
      "pct": -3.776065931242603
    },
    {
      "label": "kappa -> 1.0",
      "value": 13895.984048148819,
      "pct": 3.7760659312425893
    },
    {
      "label": "asc -> 0.55 (untrimmed)",
      "value": 17840.21897604264,
      "pct": 33.23185564049654
    },
    {
      "label": "logsum variety bonus (rejected)",
      "value": 8102.606274789007,
      "pct": -39.48923659714331
    },
    {
      "label": "linear h/2 wait (old spec)",
      "value": 13742.840458461418,
      "pct": 2.6323801580523094
    },
    {
      "label": "no transfer market",
      "value": 12030.190636373818,
      "pct": -10.157794344038502
    },
    {
      "label": "no visitor market",
      "value": 13517.697530618509,
      "pct": 0.9509988868287493
    },
    {
      "label": "no sub-half-mile bin (old defn)",
      "value": 13988.33883777207,
      "pct": 4.465777196295837
    },
    {
      "label": "rapid base -> GTFS current",
      "value": 13410.453884927168,
      "pct": 0.15009672636218277
    },
    {
      "label": "new line 25 mph",
      "value": 13003.908898084357,
      "pct": -2.886006309769045
    },
    {
      "label": "new line 10-min headway",
      "value": 11970.23096298483,
      "pct": -10.605576883027554
    },
    {
      "label": "new stop spacing 0.5 mi",
      "value": 16073.943921135935,
      "pct": 20.04120459228052
    },
    {
      "label": "new stop spacing 1.5 mi",
      "value": 9481.197873542707,
      "pct": -29.193829510548404
    }
  ],
  "sweep": {
    "20": [
      12458.152055674705,
      11133.745042387936,
      8269.894727833711
    ],
    "25": [
      13003.908898084357,
      11623.22986938039,
      8694.498887740123
    ],
    "30": [
      13390.355399823771,
      11970.23096298483,
      8996.222296357773
    ],
    "35": [
      13678.069015510846,
      12228.792774545658,
      10211.020091089647
    ]
  },
  "central_blend": 13390.355399823771
}