{
  "config": {
    "name": "harbor",
    "title": "Harbor Blvd (Fullerton \u2192 Santa Ana)",
    "corridor_route": "543",
    "excluded_feeders": [
      "543",
      "43"
    ],
    "window_mi": null,
    "anchor_low": 7700,
    "anchor_high": 10000,
    "anchor_note": "Corridor-consistent: current 43+543 route totals 9,500-11,000 (Harbor TSP study: '>10,000, 8% of OCTA riders'; OCTA ~117k/wkdy 2024) x [543 share 0.25-0.35 counts fully + Route 43 x corridor share 0.75 (LODES) - 0.86 (ACS transit workers), scripts/route43_share.py]. Cross-check: 12,800 on-Harbor boardings in 2015 (Central Harbor study via Streetsblog) x system trend x street-vs-corridor share ~ 8,400.",
    "services_base": {
      "local": {
        "speed": 11.4,
        "headway": 20.0,
        "spacing": 0.25,
        "note": "Route 43, current GTFS"
      },
      "rapid": {
        "speed": 15.0,
        "headway": 24.0,
        "spacing": 1.0,
        "note": "Route 543 per corridor doc; GTFS current = 12.8 mph / 20 min (sensitivity row)"
      }
    },
    "rapid_alt": {
      "speed": 12.8,
      "headway": 20.0
    },
    "service_new": {
      "speed": 30.0,
      "headway": 5.0,
      "spacing": 1.0
    },
    "visitor": {
      "share": [
        0.05,
        0.15
      ],
      "S0": [
        0.1,
        0.3
      ],
      "bin_weights": [
        0.55,
        0.35,
        0.1,
        0.0,
        0.0
      ],
      "note": "Anaheim resort/visitor market: share of base boardings (pinned like tau); short trips (hotel-Disneyland-convention); random arrival (h/2 wait, no schedule adaptation)"
    }
  },
  "summary": {
    "ratio_fold": [
      39.81461033605722,
      56.57244213609014,
      76.17463494212629
    ],
    "ratio_retain": [
      39.8167961122061,
      56.57244213609014,
      76.17463494212629
    ],
    "uncapped": {
      "fold": [
        11881.806296205983,
        13828.013746437286,
        16083.29369320417
      ],
      "retain": [
        11861.617366084905,
        13827.66038451149,
        16083.29369320417
      ],
      "blend": [
        11872.194812421676,
        13827.969138918066,
        16083.29369320417
      ],
      "total_fold": [
        11881.806296205983,
        13828.013746437286,
        16083.29369320417
      ]
    },
    "cap +80%": {
      "fold": [
        11881.806296205983,
        13828.013746437286,
        15990.037713212487
      ],
      "retain": [
        11861.617366084905,
        13827.66038451149,
        15990.037713212487
      ],
      "blend": [
        11869.25390345147,
        13827.969138918066,
        15990.037713212487
      ],
      "total_fold": [
        11881.806296205983,
        13828.013746437286,
        15990.037713212487
      ]
    },
    "cap +55%": {
      "fold": [
        11881.806296205983,
        13296.28904417596,
        14913.03919683375
      ],
      "retain": [
        11861.617366084905,
        13295.565690955598,
        14913.03919683375
      ],
      "blend": [
        11870.670361333361,
        13295.916152452091,
        14913.03919683375
      ],
      "total_fold": [
        11881.806296205983,
        13296.28904417596,
        14913.03919683375
      ]
    }
  },
  "sensitivity": [
    {
      "label": "anchor -> low",
      "value": 12167.985730072554,
      "pct": -12.892947485262118
    },
    {
      "label": "anchor -> high",
      "value": 15802.578870224097,
      "pct": 13.126042226932316
    },
    {
      "label": "bivt -> -0.035",
      "value": 15496.47539245648,
      "pct": 10.934736919353789
    },
    {
      "label": "bivt -> -0.018",
      "value": 12652.403724560918,
      "pct": -9.425140682966477
    },
    {
      "label": "ovt -> 1.6",
      "value": 13812.760194279039,
      "pct": -1.1184879480154537
    },
    {
      "label": "ovt -> 2.5",
      "value": 14105.952472655328,
      "pct": 0.9803898577269106
    },
    {
      "label": "asc -> 0.0",
      "value": 11841.962007981343,
      "pct": -15.226855998243265
    },
    {
      "label": "asc -> 0.4",
      "value": 16463.57094370448,
      "pct": 17.8578912390644
    },
    {
      "label": "w0 -> 4.0",
      "value": 13441.572565869927,
      "pct": -3.775711662598225
    },
    {
      "label": "w0 -> 7.0",
      "value": 14340.950136828029,
      "pct": 2.6626694336588366
    },
    {
      "label": "lam -> 0.1",
      "value": 13441.572565869927,
      "pct": -3.775711662598225
    },
    {
      "label": "lam -> 0.25",
      "value": 14340.950136828029,
      "pct": 2.6626694336588366
    },
    {
      "label": "xcap -> 10.0",
      "value": 13887.003704151612,
      "pct": -0.5870003660268039
    },
    {
      "label": "xcap -> 15.0",
      "value": 13969.001795823386,
      "pct": 0.0
    },
    {
      "label": "tau -> 0.25",
      "value": 13657.314378561226,
      "pct": -2.231279097947794
    },
    {
      "label": "tau -> 0.4",
      "value": 14285.55932898026,
      "pct": 2.2661428338531846
    },
    {
      "label": "phi -> 0.05",
      "value": 14048.962438164399,
      "pct": 0.5724148619189152
    },
    {
      "label": "phi -> 0.15",
      "value": 13886.309252429986,
      "pct": -0.5919717428780322
    },
    {
      "label": "s0v -> 0.1",
      "value": 14008.906711855987,
      "pct": 0.2856676276219857
    },
    {
      "label": "s0v -> 0.3",
      "value": 13933.265031708299,
      "pct": -0.25582904660926997
    },
    {
      "label": "ws -> 0.4",
      "value": 13855.017257358384,
      "pct": -0.8159819873391528
    },
    {
      "label": "ws -> 0.6",
      "value": 14082.986334288387,
      "pct": 0.8159819873391528
    },
    {
      "label": "kappa -> 0.6",
      "value": 13399.079103498378,
      "pct": -4.079909936695764
    },
    {
      "label": "kappa -> 1.0",
      "value": 14538.92448814839,
      "pct": 4.079909936695738
    },
    {
      "label": "asc -> 0.55 (untrimmed)",
      "value": 18606.288263909086,
      "pct": 33.196978108143774
    },
    {
      "label": "logsum variety bonus (rejected)",
      "value": 8409.784126704151,
      "pct": -39.79681404852703
    },
    {
      "label": "linear h/2 wait (old spec)",
      "value": 14340.950136828029,
      "pct": 2.6626694336588366
    },
    {
      "label": "no transfer market",
      "value": 12652.122457890779,
      "pct": -9.42715418882932
    },
    {
      "label": "no visitor market",
      "value": 14126.324359629325,
      "pct": 1.126226240825436
    },
    {
      "label": "rapid base -> GTFS current",
      "value": 13991.548890624978,
      "pct": 0.1614080600113689
    },
    {
      "label": "new line 25 mph",
      "value": 13498.307981144088,
      "pct": -3.369559411324807
    },
    {
      "label": "new line 10-min headway",
      "value": 12487.499836292187,
      "pct": -10.605639409210724
    },
    {
      "label": "new stop spacing 0.5 mi",
      "value": 16776.041503014763,
      "pct": 20.0947766219821
    },
    {
      "label": "new stop spacing 1.5 mi",
      "value": 10332.475586959463,
      "pct": -26.032827985971153
    }
  ],
  "sweep": {
    "20": [
      12833.75492222946,
      11469.135514299054,
      8954.628940716906
    ],
    "25": [
      13498.307981144088,
      12064.985356403397,
      9469.572979467468
    ],
    "30": [
      13969.001795823386,
      12487.499836292187,
      9835.60023830523
    ],
    "35": [
      14319.500412758265,
      12802.38179004717,
      11442.869402185754
    ]
  },
  "central_blend": 13969.001795823386
}